{
  "config": {
    "discount_factor": 0.95,
    "epsilon": 0.9950112350131176,
    "epsilon_decay": 0.9995,
    "epsilon_min": 0.15,
    "heuristics_enabled": false,
    "learning_enabled": true,
    "learning_rate": 0.3
  },
  "q_table": {
    "R:1|S:1|W:8|W:1": [
      0.0,
      0.0,
      -0.9299999999999999,
      0.0
    ],
    "S:1|G:6|W:7|W:1": [
      0.0,
      0.87,
      0.0,
      0.0
    ],
    "S:1|W:2|W:3|W:7": [
      -90.03,
      0.0,
      0.0,
      0.0
    ],
    "S:1|W:3|W:6|W:6": [
      0.0,
      0.0,
      0.0,
      0.87
    ],
    "S:1|W:3|W:7|W:6": [
      0.0,
      0.0,
      0.87,
      0.0
    ],
    "S:1|W:4|W:1|W:5": [
      0.0,
      0.87,
      0.0,
      0.0
    ],
    "S:1|W:4|W:2|W:5": [
      0.0,
      0.0,
      -0.9299999999999999,
      0.0
    ],
    "S:1|W:4|W:4|G:5": [
      0.0,
      0.0,
      0.0,
      0.87
    ],
    "S:1|W:4|W:5|W:5": [
      -90.03,
      0.0,
      0.0,
      0.0
    ],
    "S:1|W:5|W:3|W:4": [
      0.0,
      -0.9299999999999999,
      0.0,
      0.0
    ],
    "W:0|S:1|W:9|W:8": [
      0.0,
      -90.03,
      0.0,
      0.0
    ],
    "W:0|W:0|S:1|W:9": [
      0.0,
      0.0,
      0.0,
      0.87
    ],
    "W:0|W:1|S:1|W:8": [
      -90.03,
      0.0,
      0.0,
      0.0
    ],
    "W:0|W:6|W:9|S:1": [
      -90.03,
      0.0,
      0.0,
      0.0
    ],
    "W:0|W:7|S:1|W:2": [
      0.0,
      0.87,
      0.0,
      0.0
    ],
    "W:1|S:1|W:8|W:2": [
      0.0,
      -90.03,
      0.0,
      0.0
    ],
    "W:1|W:0|S:1|W:9": [
      -0.9299999999999999,
      0.0,
      0.0,
      0.0
    ],
    "W:1|W:6|S:1|W:3": [
      0.0,
      0.0,
      0.0,
      -0.9299999999999999
    ],
    "W:1|W:7|W:8|S:1": [
      -0.9299999999999999,
      0.0,
      0.0,
      0.0
    ],
    "W:2|G:4|W:7|S:1": [
      0.87,
      0.0,
      0.0,
      0.0
    ],
    "W:2|G:5|W:7|S:1": [
      0.0,
      0.87,
      0.0,
      0.0
    ],
    "W:3|S:1|W:6|W:5": [
      0.0,
      0.0,
      0.87,
      0.0
    ],
    "W:4|S:1|W:5|W:0": [
      0.0,
      0.0,
      0.0,
      -90.03
    ],
    "W:5|S:1|W:4|G:4": [
      0.0,
      0.0,
      -0.9299999999999999,
      0.0
    ],
    "W:5|W:2|W:4|S:1": [
      0.0,
      0.0,
      0.87,
      0.0
    ],
    "W:5|W:3|W:4|S:1": [
      0.0,
      0.87,
      0.0,
      0.0
    ],
    "W:6|W:2|R:3|S:1": [
      0.0,
      0.0,
      0.0,
      -90.03
    ],
    "W:6|W:3|W:3|S:1": [
      0.0,
      0.87,
      0.0,
      0.0
    ],
    "W:6|W:4|W:3|S:1": [
      0.0,
      -0.03,
      -0.9299999999999999,
      0.0
    ],
    "W:6|W:5|S:1|W:4": [
      0.0,
      0.87,
      0.0,
      0.0
    ],
    "W:7|W:3|S:1|W:6": [
      0.0,
      0.0,
      -90.03,
      0.0
    ],
    "W:7|W:4|S:1|W:5": [
      0.0,
      0.0,
      -90.03,
      0.0
    ],
    "W:7|W:5|W:2|S:1": [
      0.87,
      0.0,
      0.0,
      0.0
    ],
    "W:7|W:6|S:1|W:3": [
      0.0,
      0.87,
      0.0,
      0.0
    ],
    "W:8|W:3|W:1|S:1": [
      0.87,
      0.0,
      0.0,
      0.0
    ]
  },
  "version": 1
}